recording_id,time,flex0,flex1,flex2,flex3,flex4,accX,accY,accZ,gyroX,gyroY,gyroZ,label
0,0,862,855,794,876,927,-0.636,0.262,-0.626,22.290,-0.344,22.595,Dog
0,4,863,848,826,874,941,-0.624,0.267,-0.614,23.725,0.504,23.962,Dog
0,8,867,848,826,871,927,-0.629,0.266,-0.617,25.878,1.443,26.069,Dog
0,12,862,846,821,869,932,-0.625,0.270,-0.613,27.321,2.374,29.405,Dog
0,16,864,848,827,849,930,-0.623,0.264,-0.615,28.985,5.901,33.275,Dog
0,20,839,818,829,873,928,-0.619,0.272,-0.628,31.015,9.550,38.130,Dog
0,24,871,848,823,866,933,-0.628,0.272,-0.640,32.328,14.832,42.588,Dog
0,28,864,848,816,873,932,-0.641,0.287,-0.663,29.031,21.046,42.260,Dog
0,32,849,859,825,875,929,-0.734,0.306,-0.722,-1.038,29.504,7.412,Dog
0,36,870,848,821,870,938,-0.748,0.292,-0.720,-5.168,28.382,2.252,Dog
0,40,866,852,802,867,927,-0.760,0.284,-0.733,-9.053,28.115,-7.313,Dog
0,44,865,848,818,875,945,-0.768,0.285,-0.737,-12.458,24.954,-17.481,Dog
0,48,871,855,818,868,938,-0.773,0.283,-0.731,-14.115,21.229,-24.427,Dog
0,52,871,847,821,871,938,-0.783,0.279,-0.735,-14.153,15.939,-28.374,Dog
0,56,857,848,827,874,933,-0.782,0.286,-0.730,-13.069,10.634,-28.916,Dog
0,60,861,843,828,875,928,-0.776,0.274,-0.728,-9.076,3.893,-26.870,Dog
0,64,865,848,817,873,944,-0.772,0.273,-0.717,-3.840,-2.183,-22.092,Dog
0,68,863,848,832,875,930,-0.753,0.274,-0.719,1.382,-6.664,-15.145,Dog
0,72,865,845,822,873,942,-0.745,0.263,-0.717,7.176,-9.924,-8.641,Dog
0,76,867,839,823,873,930,-0.738,0.260,-0.723,14.489,-13.916,-4.023,Dog
0,80,861,843,823,867,934,-0.739,0.248,-0.707,20.672,-17.557,-0.893,Dog
0,84,863,848,832,873,933,-0.730,0.261,-0.705,27.137,-20.954,3.351,Dog
0,88,858,848,832,869,933,-0.720,0.262,-0.707,32.344,-22.229,9.786,Dog
0,92,862,844,818,867,931,-0.710,0.269,-0.719,37.107,-22.229,16.275,Dog
0,96,864,848,821,869,932,-0.706,0.267,-0.730,40.504,-20.504,19.985,Dog
0,100,860,846,821,874,933,-0.706,0.260,-0.729,42.588,-17.832,19.947,Dog
0,104,863,848,819,866,931,-0.711,0.278,-0.738,41.916,-14.214,16.947,Dog
0,108,855,842,824,870,930,-0.723,0.279,-0.727,39.397,-11.679,11.847,Dog
0,112,862,836,828,869,935,-0.725,0.285,-0.724,35.855,-10.870,5.664,Dog
0,116,861,848,826,871,935,-0.736,0.286,-0.711,31.450,-10.710,-1.519,Dog
0,120,868,847,823,876,937,-0.737,0.279,-0.698,26.969,-13.427,-8.450,Dog
0,124,849,849,821,869,946,-0.737,0.281,-0.686,24.405,-19.275,-13.176,Dog
0,128,875,847,820,873,935,-0.723,0.271,-0.659,23.740,-26.244,-14.817,Dog
0,132,843,825,797,865,911,-0.691,0.255,-0.635,25.046,-29.153,-15.344,Dog
0,136,861,847,829,870,944,-0.690,0.257,-0.624,27.901,-33.969,-14.679,Dog
0,140,863,855,825,869,934,-0.669,0.254,-0.618,30.611,-37.718,-13.992,Dog
0,144,865,844,822,869,940,-0.664,0.248,-0.607,33.069,-39.840,-12.679,Dog
0,148,865,844,821,870,930,-0.654,0.266,-0.617,34.412,-42.214,-8.344,Dog
0,152,862,841,823,867,939,-0.640,0.267,-0.608,35.855,-42.908,-2.916,Dog
0,156,863,840,816,869,931,-0.632,0.265,-0.610,37.435,-41.840,1.450,Dog
0,160,849,839,817,870,934,-0.616,0.263,-0.606,38.206,-38.847,2.962,Dog
0,164,859,848,822,870,939,-0.614,0.260,-0.619,38.435,-36.122,2.962,Dog
0,168,863,846,817,870,938,-0.607,0.268,-0.614,36.656,-29.649,2.107,Dog
0,172,858,848,818,865,939,-0.613,0.261,-0.636,36.084,-24.374,1.710,Dog
0,176,863,842,817,873,933,-0.616,0.273,-0.639,35.771,-18.275,1.420,Dog
0,180,865,828,817,869,930,-0.623,0.281,-0.646,34.038,-11.588,1.168,Dog
0,184,851,842,824,866,928,-0.638,0.286,-0.656,30.160,-4.794,-0.466,Dog
0,188,863,837,816,870,934,-0.658,0.295,-0.678,25.664,-0.053,-4.237,Dog
0,192,855,838,816,869,939,-0.670,0.291,-0.681,20.756,3.992,-9.115,Dog
0,196,866,835,818,867,939,-0.689,0.300,-0.684,16.595,6.756,-13.031,Dog
0,200,863,842,822,867,943,-0.706,0.311,-0.715,11.412,9.618,-15.473,Dog
0,204,861,837,824,873,939,-0.725,0.313,-0.714,7.542,10.695,-17.137,Dog
0,208,861,834,816,867,933,-0.746,0.317,-0.729,3.153,11.542,-19.878,Dog
0,212,861,835,817,870,934,-0.772,0.328,-0.740,-2.389,8.771,-25.244,Dog
0,216,870,827,816,867,930,-0.797,0.318,-0.742,-7.603,2.458,-33.649,Dog
0,220,860,840,819,871,938,-0.805,0.305,-0.725,-10.595,-6.336,-43.229,Dog
0,224,851,839,818,869,922,-0.800,0.301,-0.721,-10.298,-15.771,-48.626,Dog
0,228,860,835,813,867,939,-0.773,0.297,-0.707,-7.313,-24.260,-46.305,Dog
0,232,862,841,822,870,939,-0.756,0.296,-0.699,-0.634,-30.099,-38.641,Dog
0,236,863,846,829,870,944,-0.742,0.291,-0.698,7.267,-34.481,-28.122,Dog
0,240,863,838,821,872,945,-0.735,0.289,-0.700,14.687,-38.580,-18.664,Dog
0,244,862,842,822,867,931,-0.727,0.290,-0.686,21.565,-43.374,-12.305,Dog
0,248,859,829,828,871,934,-0.713,0.300,-0.686,25.802,-47.618,-7.267,Dog
0,252,858,831,823,867,931,-0.698,0.300,-0.679,28.595,-49.176,0.435,Dog
0,256,855,843,816,874,931,-0.678,0.307,-0.668,32.122,-49.397,10.977,Dog
0,260,863,847,824,873,938,-0.667,0.297,-0.665,37.153,-47.389,22.244,Dog
0,264,861,844,817,869,934,-0.661,0.301,-0.666,39.748,-42.557,30.618,Dog
0,268,850,833,813,867,938,-0.654,0.293,-0.668,39.771,-36.977,33.366,Dog
0,272,857,843,816,870,942,-0.662,0.300,-0.672,36.916,-30.878,28.229,Dog
0,276,863,832,823,870,938,-0.677,0.305,-0.668,30.305,-27.588,18.504,Dog
0,280,861,835,821,875,944,-0.688,0.314,-0.670,22.725,-25.214,8.122,Dog
0,284,853,841,825,867,934,-0.699,0.324,-0.670,13.656,-23.664,-0.672,Dog
0,288,852,832,818,872,937,-0.703,0.331,-0.671,5.771,-24.069,-6.061,Dog
0,292,854,827,822,869,931,-0.702,0.336,-0.671,-2.519,-22.756,-9.687,Dog
0,296,860,831,816,867,927,-0.699,0.335,-0.689,-12.176,-20.015,-13.473,Dog
0,300,863,832,818,874,930,-0.706,0.331,-0.696,-20.695,-17.740,-19.489,Dog
0,304,858,833,821,863,944,-0.697,0.325,-0.699,-27.260,-14.443,-27.649,Dog
0,308,855,832,816,867,939,-0.701,0.316,-0.703,-31.679,-11.206,-34.237,Dog
0,312,864,833,816,867,940,-0.707,0.313,-0.694,-35.099,-8.458,-36.908,Dog
0,316,858,831,815,867,935,-0.712,0.313,-0.713,-36.817,-5.916,-35.466,Dog
0,320,870,822,823,868,935,-0.722,0.317,-0.714,-37.038,-3.710,-31.000,Dog
0,324,858,827,816,865,932,-0.716,0.312,-0.708,-35.389,-3.412,-25.450,Dog
0,328,858,831,817,867,931,-0.716,0.303,-0.697,-32.687,-4.267,-20.908,Dog
0,332,863,829,822,871,944,-0.725,0.296,-0.692,-29.008,-6.328,-16.771,Dog
0,336,859,835,816,868,938,-0.727,0.294,-0.677,-24.168,-8.511,-12.802,Dog
0,340,862,833,817,870,943,-0.719,0.286,-0.673,-18.527,-12.183,-7.137,Dog
0,344,859,834,826,872,940,-0.722,0.296,-0.679,-13.290,-15.137,0.763,Dog
0,348,851,832,818,867,935,-0.727,0.299,-0.683,-9.130,-17.740,9.298,Dog
0,352,855,833,818,865,929,-0.729,0.309,-0.692,-6.840,-20.870,16.863,Dog
0,356,852,832,817,870,926,-0.738,0.315,-0.698,-6.855,-23.565,21.092,Dog
0,360,850,817,816,865,938,-0.725,0.311,-0.696,-9.206,-24.962,19.969,Dog
0,364,848,832,821,871,933,-0.720,0.292,-0.685,-10.267,-25.672,15.977,Dog
0,368,862,821,819,874,940,-0.701,0.296,-0.683,-12.107,-25.046,11.962,Dog
0,372,857,829,820,874,937,-0.696,0.291,-0.671,-14.221,-22.802,9.198,Dog
0,376,855,825,831,869,939,-0.687,0.291,-0.667,-14.916,-20.656,7.496,Dog
0,380,853,821,819,874,939,-0.686,0.298,-0.670,-16.244,-18.053,6.908,Dog
0,384,847,816,816,869,935,-0.688,0.299,-0.656,-19.405,-16.168,6.389,Dog
0,388,862,819,820,872,931,-0.689,0.299,-0.657,-22.939,-15.534,4.176,Dog
0,392,849,822,810,865,939,-0.685,0.293,-0.644,-26.244,-15.679,0.305,Dog
0,396,852,823,816,864,944,-0.676,0.292,-0.628,-29.725,-15.313,-3.069,Dog
0,400,848,819,823,867,938,-0.661,0.284,-0.618,-32.656,-15.718,-4.527,Dog
0,404,858,832,821,872,938,-0.656,0.272,-0.592,-32.198,-16.137,-4.183,Dog
0,408,851,823,821,866,938,-0.639,0.269,-0.597,-32.260,-14.985,-2.244,Dog
0,412,866,825,815,872,933,-0.638,0.266,-0.583,-32.573,-13.779,0.069,Dog
0,416,850,825,816,865,943,-0.635,0.258,-0.591,-32.389,-11.504,0.962,Dog
0,420,853,823,820,877,930,-0.633,0.261,-0.602,-32.122,-8.931,1.267,Dog
0,424,858,828,822,869,930,-0.636,0.264,-0.609,-32.847,-4.802,2.649,Dog
0,428,848,818,821,866,941,-0.634,0.256,-0.613,-31.763,0.374,4.656,Dog
0,432,853,826,828,873,934,-0.636,0.270,-0.627,-32.031,7.313,7.878,Dog
0,436,864,821,821,867,942,-0.651,0.271,-0.647,-32.916,14.794,11.504,Dog
0,440,831,808,797,864,935,-0.670,0.284,-0.677,-34.496,21.901,13.282,Dog
0,444,857,830,825,868,937,-0.697,0.297,-0.692,-39.939,27.756,11.802,Dog
0,448,851,819,816,868,944,-0.730,0.296,-0.695,-46.427,31.130,5.321,Dog
0,452,845,829,826,869,937,-0.750,0.289,-0.707,-51.061,31.321,-4.565,Dog
0,456,853,826,816,872,937,-0.766,0.285,-0.701,-55.366,29.267,-12.237,Dog
0,460,854,821,812,874,938,-0.771,0.291,-0.718,-58.221,26.931,-17.168,Dog
0,464,849,822,817,867,927,-0.783,0.283,-0.718,-60.527,25.000,-20.328,Dog
0,468,848,827,819,866,939,-0.785,0.282,-0.728,-61.473,22.313,-23.466,Dog
0,472,848,819,813,870,941,-0.794,0.268,-0.717,-60.832,17.092,-28.221,Dog
0,476,850,828,814,867,941,-0.791,0.262,-0.705,-58.847,10.794,-33.588,Dog
0,480,849,827,821,869,938,-0.774,0.251,-0.681,-55.153,3.985,-36.290,Dog
0,484,845,819,822,869,931,-0.750,0.246,-0.661,-49.298,-2.038,-33.947,Dog
0,488,847,832,816,866,939,-0.723,0.232,-0.635,-40.191,-6.565,-25.275,Dog
0,492,852,817,815,868,938,-0.708,0.231,-0.624,-28.802,-10.321,-10.771,Dog
0,496,852,823,818,867,939,-0.685,0.230,-0.605,-17.771,-11.832,6.168,Dog
0,500,848,819,820,876,938,-0.673,0.234,-0.603,-7.817,-12.893,22.130,Dog
0,504,861,816,818,870,934,-0.666,0.226,-0.599,0.794,-13.611,33.901,Dog
0,508,848,827,818,870,932,-0.663,0.226,-0.600,5.397,-14.679,42.664,Dog
0,512,850,823,821,868,928,-0.657,0.231,-0.587,8.198,-13.702,49.588,Dog
0,516,846,819,819,864,931,-0.634,0.213,-0.584,13.260,-9.679,49.435,Dog
0,520,832,816,813,874,934,-0.641,0.224,-0.590,14.672,-5.534,49.656,Dog
0,524,843,821,817,871,933,-0.636,0.238,-0.586,10.916,1.748,48.573,Dog
0,528,848,826,829,870,943,-0.659,0.233,-0.588,8.092,7.282,42.687,Dog
0,532,848,817,817,874,933,-0.664,0.248,-0.601,1.015,12.145,32.901,Dog
0,536,851,819,818,869,937,-0.685,0.261,-0.617,-8.763,16.802,21.290,Dog
0,540,846,822,817,870,941,-0.690,0.269,-0.634,-18.069,21.870,10.832,Dog
0,544,848,827,827,863,939,-0.696,0.276,-0.642,-26.618,27.374,4.107,Dog
0,548,843,825,818,869,937,-0.707,0.274,-0.658,-35.107,34.405,-0.954,Dog
0,552,846,818,820,870,933,-0.714,0.271,-0.670,-41.412,41.206,-7.641,Dog
0,556,843,827,819,866,938,-0.736,0.268,-0.681,-48.573,46.122,-16.748,Dog
0,560,853,823,818,867,934,-0.755,0.270,-0.689,-55.412,49.779,-27.870,Dog
0,564,848,822,820,868,939,-0.782,0.258,-0.687,-60.351,49.626,-39.046,Dog
0,568,848,821,822,868,939,-0.789,0.257,-0.683,-61.679,46.885,-46.672,Dog
0,572,847,816,816,865,938,-0.801,0.250,-0.673,-59.878,40.954,-49.008,Dog
0,576,845,818,817,871,931,-0.801,0.252,-0.668,-55.214,34.893,-46.053,Dog
0,580,847,819,819,864,944,-0.805,0.241,-0.658,-48.023,27.863,-40.061,Dog
0,584,848,818,826,869,940,-0.804,0.241,-0.657,-40.076,20.053,-33.061,Dog
0,588,847,817,821,869,941,-0.796,0.238,-0.655,-31.718,12.382,-27.565,Dog
0,592,840,822,821,869,943,-0.799,0.229,-0.644,-22.504,3.366,-22.626,Dog
0,596,837,816,821,866,938,-0.775,0.236,-0.641,-14.275,-4.130,-16.481,Dog
0,600,847,814,825,866,933,-0.757,0.231,-0.618,-6.397,-9.557,-6.573,Dog
0,604,845,819,816,874,930,-0.741,0.228,-0.616,3.855,-15.244,7.855,Dog
0,608,847,816,817,868,931,-0.727,0.213,-0.589,16.565,-18.565,18.450,Dog
0,612,839,821,817,866,939,-0.719,0.212,-0.591,26.817,-20.557,26.427,Dog
0,616,848,825,818,871,930,-0.691,0.228,-0.573,31.916,-19.084,32.931,Dog
0,620,849,817,817,863,934,-0.682,0.230,-0.581,35.985,-15.473,37.695,Dog
0,624,845,823,825,868,938,-0.678,0.239,-0.582,39.115,-12.710,41.763,Dog
0,628,842,821,827,867,935,-0.681,0.241,-0.578,39.115,-7.908,42.038,Dog
0,632,849,817,823,870,939,-0.686,0.255,-0.587,36.206,-2.603,37.885,Dog
0,636,843,816,822,869,934,-0.689,0.262,-0.598,31.168,2.366,31.595,Dog
0,640,842,822,815,868,940,-0.707,0.281,-0.604,23.176,6.427,26.580,Dog
0,644,823,800,802,855,912,-0.714,0.291,-0.615,13.015,12.198,21.153,Dog
0,648,847,822,832,869,944,-0.729,0.280,-0.628,2.786,17.282,11.702,Dog
0,652,838,816,819,870,942,-0.740,0.282,-0.629,-6.214,21.557,-2.206,Dog
0,656,846,817,817,867,927,-0.753,0.278,-0.620,-15.252,24.733,-18.008,Dog
0,660,848,820,816,871,937,-0.757,0.281,-0.617,-24.649,26.069,-33.206,Dog
0,664,845,825,822,869,929,-0.767,0.268,-0.615,-32.198,24.405,-47.450,Dog
0,668,845,821,820,873,935,-0.773,0.264,-0.604,-33.977,19.122,-56.053,Dog
0,672,847,821,820,867,944,-0.769,0.270,-0.614,-33.664,14.366,-56.901,Dog
0,676,843,816,816,867,931,-0.768,0.276,-0.612,-32.023,11.672,-50.588,Dog
0,680,848,821,819,870,932,-0.764,0.272,-0.619,-26.466,9.145,-41.611,Dog
0,684,845,821,823,872,934,-0.768,0.267,-0.632,-21.733,7.931,-33.588,Dog
0,688,843,818,816,875,941,-0.756,0.278,-0.641,-20.481,9.786,-29.084,Dog
0,692,848,823,816,869,942,-0.771,0.269,-0.640,-13.748,6.260,-22.328,Dog
0,696,848,819,829,870,929,-0.765,0.259,-0.631,-5.534,4.115,-17.115,Dog
0,700,842,827,819,871,935,-0.762,0.267,-0.634,-1.351,3.855,-14.229,Dog
0,704,847,816,819,866,939,-0.770,0.256,-0.631,6.679,1.664,-10.244,Dog
0,708,845,817,818,869,939,-0.762,0.263,-0.619,12.656,0.969,-6.458,Dog
0,712,837,816,823,872,937,-0.771,0.266,-0.617,21.534,-3.336,1.145,Dog
0,716,850,829,816,869,933,-0.771,0.270,-0.622,29.840,-5.954,10.824,Dog
0,720,839,826,819,874,938,-0.773,0.286,-0.627,33.000,-6.817,19.076,Dog
0,724,848,816,816,871,939,-0.792,0.307,-0.645,33.939,-9.427,22.107,Dog
0,728,845,826,825,874,943,-0.801,0.320,-0.664,30.985,-11.053,19.198,Dog
0,732,848,822,821,871,930,-0.801,0.321,-0.659,25.336,-11.763,13.802,Dog
0,736,849,821,816,869,937,-0.812,0.324,-0.657,20.588,-15.710,8.092,Dog
0,740,842,829,832,867,942,-0.797,0.318,-0.661,15.756,-15.939,1.496,Dog
0,744,843,823,816,871,939,-0.784,0.316,-0.655,12.031,-14.763,-4.763,Dog
0,748,848,823,828,871,930,-0.783,0.313,-0.655,8.870,-13.489,-9.298,Dog
0,752,847,832,814,868,942,-0.772,0.303,-0.650,7.527,-11.244,-13.328,Dog
0,756,842,820,827,870,933,-0.777,0.307,-0.635,7.481,-9.504,-14.550,Dog
0,760,852,822,821,872,929,-0.764,0.301,-0.618,10.061,-10.260,-14.389,Dog
0,764,849,822,821,875,944,-0.760,0.307,-0.607,12.756,-10.557,-13.740,Dog
0,768,851,827,822,869,935,-0.764,0.316,-0.620,12.542,-10.763,-12.107,Dog
0,772,848,826,821,871,937,-0.761,0.321,-0.608,12.359,-11.588,-7.527,Dog
0,776,849,823,825,874,935,-0.760,0.328,-0.621,12.397,-12.336,-2.137,Dog
0,780,845,827,827,873,935,-0.756,0.324,-0.603,13.198,-13.710,3.427,Dog
0,784,846,819,816,875,933,-0.761,0.318,-0.597,12.511,-14.832,5.275,Dog
0,788,849,823,810,875,928,-0.756,0.314,-0.587,12.405,-17.405,5.534,Dog
0,792,848,831,820,878,942,-0.762,0.313,-0.573,12.786,-21.427,5.595,Dog
0,796,849,835,816,868,933,-0.757,0.316,-0.573,12.794,-25.702,4.878,Dog
0,800,848,827,816,871,942,-0.763,0.312,-0.580,11.565,-30.275,2.031,Dog
0,804,855,827,822,871,939,-0.754,0.316,-0.578,9.153,-33.137,-2.336,Dog
0,808,846,832,824,873,933,-0.748,0.331,-0.594,5.573,-35.611,-5.496,Dog
0,812,854,818,823,878,944,-0.746,0.331,-0.596,2.069,-36.038,-6.786,Dog
0,816,855,827,819,879,933,-0.733,0.339,-0.605,-0.969,-33.702,-7.473,Dog
0,820,850,829,822,867,938,-0.731,0.343,-0.618,-4.260,-29.939,-8.069,Dog
0,824,848,826,818,871,935,-0.717,0.347,-0.627,-10.015,-23.565,-10.916,Dog
0,828,848,819,822,873,933,-0.717,0.338,-0.624,-15.565,-17.626,-16.153,Dog
0,832,849,824,815,876,938,-0.722,0.337,-0.612,-19.634,-14.084,-22.107,Dog
0,836,854,829,823,870,942,-0.722,0.328,-0.602,-21.939,-11.519,-25.336,Dog
0,840,857,825,827,877,935,-0.718,0.322,-0.590,-23.824,-9.359,-26.580,Dog
0,844,860,827,821,874,942,-0.717,0.312,-0.570,-22.450,-11.550,-25.924,Dog
0,848,853,819,818,879,932,-0.708,0.302,-0.558,-18.748,-12.611,-24.908,Dog
0,852,848,831,826,870,942,-0.698,0.303,-0.538,-13.969,-14.206,-19.107,Dog
0,856,848,831,821,871,933,-0.697,0.300,-0.536,-7.779,-18.412,-8.870,Dog
0,860,851,823,826,873,941,-0.688,0.298,-0.520,-1.702,-20.855,-0.351,Dog
0,864,859,825,824,879,935,-0.685,0.302,-0.529,2.626,-22.519,5.893,Dog
0,868,855,830,825,875,933,-0.684,0.314,-0.539,4.550,-22.305,12.473,Dog
0,872,851,823,827,880,932,-0.681,0.316,-0.546,4.626,-20.908,19.313,Dog
0,876,848,819,826,875,942,-0.686,0.325,-0.557,4.511,-18.527,25.130,Dog
0,880,853,821,816,875,939,-0.683,0.325,-0.562,3.038,-16.450,27.580,Dog
0,884,851,828,827,880,938,-0.694,0.326,-0.569,-0.282,-13.412,25.076,Dog
0,888,854,827,821,874,943,-0.693,0.323,-0.576,-4.427,-10.977,20.069,Dog
0,892,851,827,831,878,937,-0.698,0.322,-0.581,-9.718,-8.588,13.962,Dog
0,896,847,832,816,873,942,-0.706,0.328,-0.582,-15.481,-5.710,8.420,Dog
0,900,853,830,825,867,942,-0.711,0.328,-0.586,-20.519,-2.420,3.733,Dog
0,904,855,826,823,871,935,-0.712,0.330,-0.597,-25.015,1.275,-1.611,Dog
0,908,855,817,827,875,939,-0.717,0.331,-0.605,-30.191,4.962,-6.779,Dog
0,912,859,831,819,878,929,-0.725,0.327,-0.611,-35.443,7.443,-12.183,Dog
0,916,853,825,821,876,943,-0.726,0.339,-0.616,-40.176,9.435,-16.183,Dog
0,920,848,833,817,877,931,-0.728,0.330,-0.616,-43.908,11.061,-17.107,Dog
0,924,864,824,817,871,912,-0.737,0.339,-0.617,-46.191,11.710,-15.237,Dog
0,928,848,826,824,878,941,-0.731,0.318,-0.616,-45.962,12.435,-12.687,Dog
0,932,852,827,825,879,944,-0.736,0.317,-0.620,-44.389,12.130,-8.786,Dog
0,936,851,831,819,877,933,-0.734,0.313,-0.606,-41.733,12.580,-4.130,Dog
0,940,854,819,819,877,937,-0.728,0.307,-0.606,-38.962,11.458,-0.038,Dog
0,944,849,826,821,874,943,-0.732,0.294,-0.597,-35.863,10.046,1.733,Dog
0,948,860,816,817,880,940,-0.732,0.293,-0.589,-31.824,6.634,2.618,Dog
0,952,843,810,832,877,941,-0.736,0.291,-0.594,-28.145,3.053,5.046,Dog
0,956,855,827,823,879,946,-0.737,0.298,-0.581,-24.710,-1.466,10.504,Dog
0,960,848,821,826,880,929,-0.728,0.301,-0.585,-20.863,-4.435,17.260,Dog
0,964,855,821,816,879,943,-0.719,0.302,-0.593,-19.099,-5.779,24.412,Dog
0,968,863,821,822,876,937,-0.716,0.300,-0.592,-17.092,-5.443,30.137,Dog
0,972,848,821,821,877,943,-0.709,0.300,-0.616,-16.267,-3.038,33.061,Dog
0,976,855,826,823,880,938,-0.712,0.301,-0.622,-19.137,0.450,32.351,Dog
0,980,849,831,822,880,939,-0.718,0.301,-0.615,-22.282,3.649,26.664,Dog
0,984,853,825,819,878,939,-0.716,0.286,-0.610,-23.924,6.176,18.573,Dog
0,988,865,825,816,875,938,-0.712,0.295,-0.605,-27.931,8.313,12.687,Dog
0,992,851,825,819,880,944,-0.719,0.291,-0.592,-30.214,9.718,8.374,Dog
0,996,849,827,830,875,932,-0.715,0.277,-0.592,-29.733,9.664,6.176,Dog
0,1000,855,816,822,875,944,-0.711,0.285,-0.595,-31.382,11.496,6.076,Dog
0,1004,859,822,818,878,933,-0.716,0.284,-0.601,-32.489,12.420,5.145,Dog
0,1008,858,824,829,878,936,-0.721,0.287,-0.608,-31.908,11.557,4.824,Dog
0,1012,859,819,814,878,933,-0.718,0.295,-0.612,-33.420,15.588,5.153,Dog
0,1016,853,820,816,880,938,-0.711,0.295,-0.633,-34.794,19.817,6.802,Dog
0,1020,848,815,816,876,931,-0.715,0.289,-0.626,-35.061,24.290,6.969,Dog
0,1024,860,827,820,880,937,-0.728,0.282,-0.636,-35.107,28.282,4.412,Dog
0,1028,859,826,822,876,944,-0.730,0.280,-0.623,-35.092,29.916,1.260,Dog
0,1032,849,820,823,880,933,-0.744,0.273,-0.625,-35.176,29.336,-1.420,Dog
0,1036,853,817,810,875,942,-0.749,0.270,-0.627,-32.489,26.504,-2.794,Dog
0,1040,853,823,816,881,931,-0.766,0.273,-0.621,-28.565,22.061,-0.122,Dog
0,1044,858,823,832,869,935,-0.756,0.285,-0.624,-25.962,19.420,4.641,Dog
0,1048,861,819,827,875,940,-0.770,0.272,-0.629,-22.656,16.267,8.863,Dog
0,1052,853,825,823,878,932,-0.774,0.277,-0.634,-20.206,11.824,10.321,Dog
0,1056,859,823,825,881,938,-0.780,0.282,-0.638,-19.435,8.969,8.710,Dog
0,1060,862,821,822,874,944,-0.776,0.279,-0.642,-19.557,6.573,5.305,Dog
0,1064,852,821,821,878,935,-0.764,0.283,-0.635,-18.573,4.672,2.901,Dog
0,1068,862,827,818,879,943,-0.760,0.278,-0.646,-16.481,3.374,3.160,Dog
0,1072,858,822,822,877,944,-0.747,0.283,-0.640,-17.000,4.870,3.420,Dog
0,1076,863,817,821,877,943,-0.751,0.263,-0.627,-13.252,4.183,3.443,Dog
0,1080,860,823,819,880,929,-0.737,0.259,-0.622,-8.168,4.771,3.969,Dog
0,1084,854,822,815,875,941,-0.720,0.264,-0.610,-5.664,6.076,6.740,Dog
0,1088,862,823,826,873,934,-0.721,0.259,-0.588,-2.397,6.519,7.603,Dog
0,1092,858,827,818,876,931,-0.718,0.255,-0.581,1.664,3.878,5.870,Dog
0,1096,851,817,831,874,927,-0.717,0.250,-0.566,4.710,1.412,4.718,Dog
0,1100,853,821,811,877,935,-0.697,0.255,-0.555,7.817,-1.275,7.641,Dog
0,1104,857,823,820,874,935,-0.700,0.263,-0.560,11.489,-2.542,14.351,Dog
0,1108,853,818,820,875,930,-0.689,0.271,-0.566,14.420,-1.786,21.267,Dog
0,1112,860,817,830,879,937,-0.689,0.270,-0.573,14.550,0.626,24.855,Dog
0,1116,850,823,825,877,930,-0.692,0.275,-0.578,14.359,2.588,24.000,Dog
0,1120,861,822,821,877,934,-0.706,0.281,-0.595,12.878,4.840,20.687,Dog
0,1124,857,821,827,873,931,-0.712,0.283,-0.605,9.053,8.595,16.748,Dog
0,1128,848,822,818,874,944,-0.715,0.291,-0.629,5.084,13.588,12.588,Dog
0,1132,855,830,820,880,933,-0.714,0.288,-0.636,2.229,20.450,7.847,Dog
0,1136,857,818,817,880,935,-0.722,0.297,-0.644,-1.702,27.221,2.550,Dog
0,1140,850,823,822,880,944,-0.744,0.287,-0.644,-6.183,32.252,-6.115,Dog
0,1144,862,829,823,877,927,-0.760,0.281,-0.632,-9.534,33.756,-17.962,Dog
0,1148,865,819,821,875,934,-0.771,0.279,-0.627,-12.519,32.160,-29.198,Dog
0,1152,861,832,825,880,933,-0.784,0.286,-0.617,-13.985,26.397,-36.015,Dog
0,1156,833,807,798,869,915,-0.781,0.289,-0.607,-13.099,21.092,-37.366,Dog
0,1160,855,826,830,880,938,-0.782,0.282,-0.602,-9.435,13.977,-33.718,Dog
0,1164,861,829,822,875,940,-0.762,0.281,-0.587,-4.198,7.244,-27.031,Dog
0,1168,855,826,828,880,933,-0.753,0.274,-0.578,2.435,1.107,-20.466,Dog
0,1172,849,822,829,878,939,-0.754,0.277,-0.584,9.733,-4.565,-14.496,Dog
0,1176,851,818,821,875,929,-0.742,0.283,-0.590,15.893,-8.679,-8.550,Dog
0,1180,853,830,823,875,944,-0.734,0.281,-0.595,20.366,-10.771,-3.527,Dog
0,1184,851,811,821,878,933,-0.737,0.285,-0.607,26.137,-12.321,1.511,Dog
0,1188,855,822,818,880,934,-0.725,0.296,-0.622,30.855,-11.504,7.878,Dog
0,1192,856,818,822,880,935,-0.721,0.307,-0.626,33.229,-8.664,14.466,Dog
0,1196,856,822,821,880,940,-0.730,0.304,-0.641,34.473,-4.893,17.756,Dog
0,1200,850,821,819,880,939,-0.731,0.305,-0.640,35.305,-0.252,16.847,Dog
0,1204,861,829,821,874,937,-0.737,0.304,-0.641,34.992,5.000,12.786,Dog
0,1208,849,823,816,873,939,-0.743,0.320,-0.634,32.168,8.786,6.595,Dog
0,1212,859,810,829,878,932,-0.765,0.319,-0.637,28.389,8.847,-1.878,Dog
0,1216,848,825,817,879,939,-0.782,0.330,-0.634,23.511,6.214,-10.924,Dog
0,1220,858,821,814,874,936,-0.784,0.340,-0.631,17.725,1.748,-18.397,Dog
0,1224,859,818,830,880,933,-0.781,0.344,-0.625,13.649,-2.450,-22.305,Dog
0,1228,856,819,833,880,934,-0.771,0.338,-0.617,11.878,-6.588,-23.130,Dog
0,1232,855,826,825,871,928,-0.754,0.330,-0.613,10.244,-7.908,-23.733,Dog
0,1236,853,822,821,877,929,-0.743,0.323,-0.603,10.359,-8.985,-25.557,Dog
0,1240,858,820,825,875,941,-0.732,0.311,-0.599,11.550,-9.626,-27.305,Dog
0,1244,864,822,821,874,932,-0.721,0.311,-0.590,13.656,-9.641,-27.160,Dog
0,1248,858,823,820,879,938,-0.703,0.309,-0.576,16.824,-8.817,-24.015,Dog
0,1252,851,825,820,876,938,-0.705,0.313,-0.563,21.053,-9.435,-18.176,Dog
0,1256,855,832,823,880,934,-0.689,0.311,-0.543,26.099,-10.244,-10.076,Dog
0,1260,857,820,830,879,938,-0.688,0.314,-0.534,31.061,-11.481,-1.763,Dog
0,1264,857,831,829,880,927,-0.681,0.314,-0.534,35.511,-13.756,7.229,Dog
0,1268,865,826,827,877,934,-0.680,0.316,-0.527,38.687,-15.000,14.420,Dog
0,1272,863,818,830,880,926,-0.674,0.326,-0.526,41.298,-15.931,20.130,Dog
0,1276,863,819,823,880,932,-0.678,0.327,-0.549,43.336,-15.550,25.962,Dog
0,1280,850,825,829,873,940,-0.687,0.355,-0.578,40.901,-12.870,31.412,Dog
0,1284,858,822,819,876,940,-0.691,0.369,-0.600,35.198,-8.137,32.748,Dog
0,1288,860,827,826,878,931,-0.709,0.372,-0.631,27.817,-1.901,28.641,Dog
0,1292,853,820,818,880,933,-0.720,0.379,-0.648,17.618,4.382,19.969,Dog
0,1296,858,816,826,876,935,-0.729,0.380,-0.669,5.595,11.947,6.626,Dog
0,1300,859,826,820,880,935,-0.745,0.363,-0.654,-4.420,17.427,-9.023,Dog
0,1304,863,833,821,880,935,-0.755,0.370,-0.656,-12.939,22.344,-22.725,Dog
0,1308,857,818,826,876,944,-0.767,0.370,-0.648,-20.939,25.237,-33.603,Dog
0,1312,858,832,830,876,931,-0.779,0.369,-0.646,-26.557,24.313,-40.969,Dog
0,1316,862,826,817,880,939,-0.789,0.365,-0.643,-29.008,20.382,-45.092,Dog
0,1320,849,826,830,875,935,-0.781,0.367,-0.631,-29.786,15.573,-45.092,Dog
0,1324,859,821,827,880,937,-0.776,0.357,-0.614,-28.641,10.084,-41.221,Dog
0,1328,858,816,817,878,938,-0.771,0.341,-0.592,-24.321,3.435,-35.878,Dog
0,1332,857,821,823,879,925,-0.756,0.339,-0.584,-17.893,-3.679,-29.107,Dog
0,1336,858,822,825,878,943,-0.754,0.334,-0.575,-12.046,-10.870,-20.405,Dog
0,1340,855,825,822,880,938,-0.742,0.332,-0.574,-4.466,-17.733,-9.527,Dog
0,1344,857,822,832,877,933,-0.737,0.333,-0.574,2.649,-24.160,3.595,Dog
0,1348,849,819,818,876,934,-0.718,0.344,-0.581,8.115,-27.015,17.252,Dog
0,1352,867,823,817,880,925,-0.717,0.336,-0.599,12.931,-28.160,29.084,Dog
0,1356,858,826,823,878,934,-0.700,0.344,-0.607,14.947,-26.031,35.969,Dog
0,1360,829,797,791,869,912,-0.698,0.344,-0.606,15.252,-21.679,37.092,Dog
0,1364,861,827,822,875,935,-0.688,0.338,-0.603,13.885,-16.366,32.908,Dog
0,1368,851,821,823,880,923,-0.694,0.339,-0.611,11.000,-10.725,26.176,Dog
0,1372,863,821,826,880,939,-0.697,0.340,-0.612,7.267,-6.084,20.008,Dog
0,1376,859,820,823,875,931,-0.702,0.357,-0.613,3.206,-3.160,17.038,Dog
0,1380,854,819,822,878,935,-0.713,0.371,-0.611,-3.626,0.595,16.405,Dog
0,1384,849,823,819,880,940,-0.705,0.365,-0.625,-10.046,5.321,15.611,Dog
0,1388,867,816,824,880,935,-0.724,0.365,-0.628,-16.031,8.908,13.000,Dog
0,1392,864,823,826,880,933,-0.720,0.365,-0.622,-22.908,13.244,7.382,Dog
0,1396,855,827,821,878,921,-0.721,0.351,-0.623,-30.321,16.351,-1.908,Dog
0,1400,854,826,826,875,925,-0.726,0.345,-0.614,-36.695,16.893,-12.710,Dog
0,1404,863,822,823,876,934,-0.732,0.346,-0.613,-40.893,15.489,-20.000,Dog
0,1408,855,821,830,880,929,-0.728,0.341,-0.606,-42.992,14.565,-21.855,Dog
0,1412,848,816,817,878,931,-0.726,0.335,-0.605,-43.046,13.435,-18.405,Dog
0,1416,862,821,816,880,931,-0.725,0.325,-0.601,-40.366,11.832,-13.702,Dog
0,1420,851,822,828,878,930,-0.721,0.319,-0.586,-37.115,9.359,-10.466,Dog
0,1424,853,817,827,879,942,-0.730,0.311,-0.589,-34.229,5.870,-8.916,Dog
0,1428,868,827,829,880,933,-0.726,0.313,-0.582,-31.000,0.893,-7.977,Dog
0,1432,861,826,826,875,925,-0.728,0.303,-0.563,-28.031,-4.573,-5.374,Dog
0,1436,859,819,826,880,929,-0.723,0.305,-0.576,-24.687,-9.374,-0.344,Dog
0,1440,856,822,821,878,934,-0.722,0.314,-0.569,-19.878,-13.649,7.603,Dog
0,1444,859,826,821,880,933,-0.710,0.312,-0.580,-15.511,-16.122,16.656,Dog
0,1448,850,823,822,880,934,-0.698,0.318,-0.604,-13.000,-15.954,24.710,Dog
0,1452,851,827,823,877,937,-0.699,0.320,-0.613,-11.244,-12.985,29.504,Dog
0,1456,857,816,830,877,932,-0.702,0.325,-0.650,-11.992,-6.931,30.718,Dog
0,1460,855,823,821,880,930,-0.707,0.327,-0.663,-14.954,0.443,28.580,Dog
0,1464,843,806,798,877,918,-0.710,0.332,-0.685,-19.664,9.183,22.366,Dog
0,1468,863,827,823,878,931,-0.720,0.325,-0.684,-25.298,17.260,12.679,Dog
0,1472,849,825,820,878,938,-0.737,0.318,-0.679,-30.321,23.183,1.573,Dog
0,1476,855,824,832,883,929,-0.741,0.323,-0.668,-34.672,26.008,-8.603,Dog
0,1480,851,826,826,878,929,-0.769,0.322,-0.657,-38.733,25.076,-16.076,Dog
0,1484,858,826,822,879,930,-0.766,0.316,-0.653,-41.221,22.702,-21.221,Dog
0,1488,860,825,823,880,921,-0.764,0.309,-0.649,-40.916,18.336,-23.290,Dog
0,1492,863,825,821,880,933,-0.764,0.302,-0.628,-38.595,12.725,-22.061,Dog
0,1496,852,831,829,879,933,-0.754,0.292,-0.614,-34.931,7.489,-19.160,Dog
0,1500,850,817,818,880,944,-0.753,0.288,-0.597,-30.863,1.115,-15.588,Dog
0,1504,861,821,828,880,935,-0.736,0.292,-0.604,-26.863,-4.443,-12.389,Dog
0,1508,859,817,825,877,933,-0.744,0.286,-0.594,-22.183,-10.313,-9.137,Dog
0,1512,858,826,827,878,927,-0.731,0.285,-0.597,-16.916,-16.069,-3.985,Dog
0,1516,850,827,821,880,934,-0.716,0.287,-0.606,-11.656,-19.679,3.305,Dog
0,1520,858,828,818,879,934,-0.699,0.284,-0.603,-6.053,-20.031,11.824,Dog
0,1524,862,823,819,879,927,-0.679,0.278,-0.609,-0.191,-17.611,20.031,Dog
0,1528,855,819,825,878,932,-0.674,0.279,-0.615,4.832,-13.183,25.710,Dog
0,1532,851,831,822,878,933,-0.676,0.277,-0.622,8.656,-8.298,28.450,Dog
0,1536,871,822,827,880,928,-0.686,0.288,-0.632,9.588,-2.305,28.290,Dog
0,1540,853,816,811,880,929,-0.688,0.300,-0.634,9.038,4.000,27.290,Dog
0,1544,857,827,823,878,928,-0.700,0.306,-0.653,6.084,9.634,25.031,Dog
0,1548,848,821,823,880,933,-0.709,0.316,-0.656,1.145,14.374,21.023,Dog
0,1552,854,821,825,878,935,-0.728,0.312,-0.657,-4.397,18.145,13.344,Dog
0,1556,864,819,823,874,931,-0.739,0.311,-0.653,-11.000,19.183,3.519,Dog
0,1560,857,825,816,879,931,-0.751,0.304,-0.639,-15.237,18.534,-6.802,Dog
0,1564,860,829,822,873,923,-0.743,0.297,-0.624,-20.130,16.977,-17.260,Dog
0,1568,861,826,829,879,927,-0.744,0.286,-0.616,-22.489,12.260,-26.359,Dog
0,1572,864,822,830,879,936,-0.737,0.267,-0.606,-19.649,7.618,-31.802,Dog
0,1576,862,823,828,879,934,-0.723,0.279,-0.585,-17.542,2.267,-29.290,Dog
0,1580,859,826,823,877,935,-0.712,0.275,-0.578,-14.275,-1.412,-23.924,Dog
0,1584,862,821,826,881,934,-0.701,0.265,-0.561,-7.534,-6.595,-18.649,Dog
0,1588,868,829,832,881,934,-0.692,0.263,-0.550,-1.267,-11.313,-13.015,Dog
0,1592,853,825,823,878,932,-0.685,0.267,-0.535,4.366,-15.626,-6.382,Dog
0,1596,862,821,823,880,929,-0.679,0.268,-0.555,10.550,-18.061,2.618,Dog
0,1600,850,818,825,877,931,-0.680,0.290,-0.579,15.885,-18.168,15.198,Dog
0,1604,857,830,826,878,941,-0.677,0.311,-0.623,18.466,-13.664,29.221,Dog
0,1608,856,823,822,880,933,-0.688,0.317,-0.664,18.916,-5.145,37.947,Dog
0,1612,863,821,822,880,939,-0.689,0.322,-0.701,17.183,5.305,40.260,Dog
0,1616,848,833,829,877,930,-0.705,0.326,-0.729,11.061,20.397,34.504,Dog
0,1620,855,825,827,878,934,-0.708,0.314,-0.731,4.137,35.489,21.611,Dog
0,1624,853,823,823,879,931,-0.734,0.300,-0.721,-2.458,47.252,2.206,Dog
0,1628,854,827,826,875,933,-0.759,0.300,-0.695,-8.756,52.695,-19.557,Dog
0,1632,852,827,827,880,919,-0.783,0.293,-0.669,-13.183,50.282,-39.313,Dog
0,1636,855,822,816,879,931,-0.805,0.300,-0.632,-14.511,39.687,-50.298,Dog
0,1640,854,823,821,879,933,-0.804,0.299,-0.595,-12.977,24.443,-50.786,Dog
0,1644,859,825,823,874,930,-0.795,0.292,-0.567,-7.023,7.000,-42.977,Dog
0,1648,855,821,826,879,934,-0.766,0.292,-0.535,1.412,-9.748,-29.878,Dog
0,1652,853,829,823,880,927,-0.747,0.279,-0.520,10.809,-24.191,-15.733,Dog
0,1656,859,819,829,880,929,-0.709,0.280,-0.511,19.412,-35.557,-2.878,Dog
0,1660,855,815,832,880,931,-0.690,0.274,-0.517,26.901,-42.611,7.802,Dog
0,1664,869,830,829,880,937,-0.668,0.289,-0.547,33.603,-44.908,18.908,Dog
0,1668,847,806,797,875,915,-0.646,0.302,-0.582,37.931,-39.855,30.679,Dog
0,1672,853,816,835,880,933,-0.633,0.307,-0.620,41.298,-30.458,42.885,Dog
0,1676,858,821,826,877,942,-0.623,0.323,-0.659,41.756,-15.282,51.985,Dog
0,1680,875,827,819,879,936,-0.638,0.324,-0.684,38.809,3.863,54.450,Dog
0,1684,855,824,818,874,938,-0.641,0.322,-0.698,33.191,24.183,47.305,Dog
0,1688,860,832,823,880,930,-0.663,0.314,-0.694,26.733,42.527,32.115,Dog
0,1692,858,821,820,878,930,-0.693,0.317,-0.686,18.611,55.046,13.420,Dog
0,1696,858,818,825,879,933,-0.735,0.323,-0.666,9.176,60.198,-5.824,Dog
0,1700,855,826,827,880,931,-0.776,0.326,-0.637,0.382,57.962,-21.641,Dog
0,1704,859,826,823,879,934,-0.799,0.349,-0.623,-7.084,48.489,-31.366,Dog
0,1708,859,826,821,874,941,-0.825,0.350,-0.597,-13.588,34.427,-35.962,Dog
0,1712,848,821,829,878,927,-0.823,0.340,-0.599,-16.992,18.122,-38.031,Dog
0,1716,854,826,825,880,934,-0.817,0.333,-0.584,-18.603,1.015,-38.183,Dog
0,1720,855,826,822,880,935,-0.796,0.328,-0.575,-19.000,-12.901,-37.481,Dog
0,1724,861,819,828,875,929,-0.766,0.308,-0.573,-16.939,-22.305,-37.519,Dog
0,1728,865,822,827,878,927,-0.737,0.294,-0.569,-11.252,-29.427,-36.779,Dog
0,1732,861,828,826,878,935,-0.695,0.293,-0.568,-4.313,-33.069,-32.015,Dog
0,1736,851,818,818,877,931,-0.667,0.288,-0.569,4.824,-31.710,-22.969,Dog
0,1740,855,826,818,879,934,-0.645,0.290,-0.573,16.221,-28.115,-8.878,Dog
0,1744,853,825,827,878,927,-0.632,0.305,-0.604,26.542,-20.130,9.038,Dog
0,1748,861,823,816,880,937,-0.633,0.329,-0.636,33.221,-11.260,28.328,Dog
0,1752,866,823,824,880,933,-0.640,0.340,-0.663,36.336,2.794,42.580,Dog
0,1756,869,830,820,880,933,-0.643,0.346,-0.684,36.985,19.237,52.481,Dog
0,1760,862,821,825,879,933,-0.665,0.338,-0.693,36.733,33.115,55.313,Dog
0,1764,861,818,818,879,939,-0.698,0.340,-0.671,32.092,44.466,46.748,Dog
0,1768,867,834,813,875,924,-0.734,0.337,-0.675,23.863,49.443,28.504,Dog
0,1772,864,826,819,879,940,-0.778,0.346,-0.656,13.794,47.412,9.206,Dog
0,1776,867,825,821,879,941,-0.802,0.362,-0.650,4.290,40.298,-5.321,Dog
0,1780,869,829,818,878,944,-0.827,0.358,-0.628,-1.718,28.618,-14.000,Dog
0,1784,859,824,821,879,929,-0.821,0.358,-0.630,-7.573,16.656,-20.947,Dog
0,1788,860,831,827,880,930,-0.818,0.359,-0.611,-13.557,4.405,-28.290,Dog
0,1792,853,827,823,881,931,-0.803,0.340,-0.599,-16.931,-8.092,-35.618,Dog
0,1796,867,832,816,878,934,-0.769,0.331,-0.583,-16.595,-18.901,-41.718,Dog
0,1800,862,826,827,880,934,-0.749,0.317,-0.563,-16.519,-28.344,-47.107,Dog
0,1804,862,823,818,880,930,-0.710,0.305,-0.566,-12.443,-33.809,-48.504,Dog
0,1808,859,822,819,879,931,-0.690,0.306,-0.552,-5.725,-38.603,-38.466,Dog
0,1812,849,828,822,880,935,-0.648,0.324,-0.564,1.130,-37.893,-18.420,Dog
0,1816,859,823,822,877,935,-0.630,0.330,-0.569,9.092,-33.679,6.885,Dog
0,1820,857,827,825,880,937,-0.613,0.324,-0.587,20.588,-25.939,30.221,Dog
0,1824,857,825,817,880,930,-0.609,0.311,-0.600,29.901,-14.626,45.977,Dog
0,1828,858,818,819,878,933,-0.623,0.324,-0.633,31.885,-2.740,52.153,Dog
0,1832,850,819,814,876,944,-0.638,0.341,-0.655,29.069,11.450,49.344,Dog
0,1836,856,820,820,880,928,-0.658,0.342,-0.676,22.695,26.763,42.832,Dog
0,1840,862,825,823,883,938,-0.690,0.364,-0.693,15.679,39.099,36.878,Dog
0,1844,855,821,819,872,935,-0.728,0.364,-0.697,7.725,46.626,27.344,Dog
0,1848,855,819,830,877,933,-0.765,0.356,-0.691,0.695,49.718,8.519,Dog
0,1852,862,821,827,880,934,-0.810,0.367,-0.678,-10.748,46.008,-13.901,Dog
0,1856,851,822,825,878,931,-0.830,0.382,-0.680,-24.344,37.733,-32.344,Dog
0,1860,854,826,819,875,938,-0.838,0.368,-0.664,-32.015,25.382,-43.489,Dog
0,1864,859,827,827,874,935,-0.845,0.365,-0.659,-35.962,12.550,-46.626,Dog
0,1868,855,828,829,878,925,-0.817,0.359,-0.641,-38.786,1.153,-46.489,Dog
0,1872,849,818,825,880,933,-0.810,0.340,-0.622,-36.351,-12.015,-47.176,Dog
0,1876,864,828,825,877,934,-0.779,0.321,-0.608,-32.504,-24.008,-47.176,Dog
0,1880,855,823,820,880,931,-0.749,0.315,-0.589,-29.489,-33.588,-45.351,Dog
0,1884,861,823,827,874,931,-0.720,0.305,-0.576,-22.817,-40.198,-38.198,Dog
0,1888,862,826,815,875,927,-0.682,0.290,-0.576,-10.053,-44.588,-23.427,Dog
0,1892,860,827,823,879,928,-0.666,0.297,-0.569,3.748,-46.496,-3.206,Dog
0,1896,850,828,819,879,933,-0.634,0.308,-0.584,15.695,-43.282,19.298,Dog
0,1900,862,817,826,880,932,-0.614,0.306,-0.581,24.489,-35.580,40.450,Dog
0,1904,865,826,821,874,937,-0.603,0.308,-0.598,33.641,-27.702,55.908,Dog
0,1908,861,825,822,880,928,-0.611,0.318,-0.632,37.237,-15.977,63.641,Dog
0,1912,846,826,832,879,936,-0.627,0.330,-0.650,34.221,-2.374,65.023,Dog
0,1916,867,817,821,880,938,-0.647,0.340,-0.678,27.473,14.450,59.611,Dog
0,1920,861,822,819,880,938,-0.677,0.347,-0.681,19.702,28.221,50.458,Dog
0,1924,859,825,827,880,943,-0.691,0.359,-0.682,9.176,37.603,37.336,Dog
0,1928,862,830,832,880,932,-0.748,0.354,-0.678,-2.718,39.672,17.168,Dog
0,1932,856,798,811,880,928,-0.771,0.345,-0.663,-14.878,37.366,-8.351,Dog
0,1936,869,834,820,877,937,-0.802,0.354,-0.640,-28.321,29.008,-29.366,Dog
0,1940,861,821,819,880,941,-0.804,0.367,-0.623,-41.649,18.038,-41.221,Dog
0,1944,858,827,826,876,934,-0.814,0.349,-0.615,-47.053,3.939,-47.412,Dog
0,1948,849,829,823,878,927,-0.804,0.347,-0.615,-49.626,-10.595,-50.344,Dog
0,1952,855,826,821,880,943,-0.781,0.337,-0.614,-51.038,-21.366,-51.511,Dog
0,1956,864,821,823,878,931,-0.748,0.327,-0.614,-49.649,-28.511,-50.191,Dog
0,1960,867,822,816,876,925,-0.716,0.317,-0.603,-45.015,-31.344,-44.405,Dog
0,1964,861,819,817,880,928,-0.686,0.303,-0.611,-39.099,-29.931,-34.748,Dog
0,1968,858,823,825,878,935,-0.661,0.303,-0.624,-31.924,-26.321,-23.420,Dog
0,1972,859,828,821,879,933,-0.647,0.284,-0.623,-20.618,-21.382,-12.695,Dog
0,1976,834,804,803,879,913,-0.634,0.283,-0.613,-9.427,-15.794,-1.939,Dog
0,1980,864,823,823,879,929,-0.641,0.294,-0.638,0.015,-10.061,12.855,Dog
0,1984,859,828,823,879,932,-0.644,0.312,-0.641,6.450,-3.557,28.740,Dog
0,1988,865,823,826,877,937,-0.648,0.305,-0.646,13.679,2.977,42.137,Dog
0,1992,864,825,825,881,938,-0.652,0.313,-0.656,17.168,12.374,50.725,Dog
0,1996,851,834,816,873,933,-0.667,0.313,-0.648,18.672,19.794,52.695,Dog
0,2000,859,823,825,880,933,-0.693,0.313,-0.653,17.588,25.099,47.214,Dog
0,2004,862,826,827,879,934,-0.728,0.329,-0.656,11.382,25.198,36.740,Dog
0,2008,848,826,836,880,933,-0.770,0.341,-0.658,1.679,20.832,23.389,Dog
0,2012,857,821,817,879,933,-0.782,0.346,-0.666,-8.031,14.359,9.809,Dog
0,2016,858,820,826,878,943,-0.787,0.339,-0.664,-13.366,7.191,-0.725,Dog
0,2020,855,826,817,878,930,-0.784,0.350,-0.668,-23.206,0.275,-7.908,Dog
0,2024,864,825,826,874,939,-0.758,0.340,-0.661,-30.305,-1.710,-16.076,Dog
0,2028,862,823,821,873,931,-0.764,0.332,-0.657,-36.321,-5.618,-24.786,Dog
0,2032,856,816,829,879,933,-0.744,0.314,-0.642,-39.611,-7.885,-34.565,Dog
0,2036,855,828,824,879,927,-0.736,0.297,-0.627,-39.573,-13.267,-43.939,Dog
0,2040,858,828,817,879,943,-0.709,0.283,-0.607,-35.649,-18.664,-47.389,Dog
0,2044,859,827,826,879,927,-0.684,0.280,-0.595,-30.260,-21.756,-42.527,Dog
0,2048,871,813,819,876,922,-0.662,0.284,-0.586,-22.840,-22.702,-28.519,Dog
0,2052,853,832,830,880,933,-0.641,0.283,-0.584,-13.458,-21.412,-9.031,Dog
0,2056,861,826,824,878,934,-0.625,0.282,-0.585,-2.366,-18.298,9.649,Dog
0,2060,858,821,819,880,923,-0.621,0.281,-0.601,7.489,-12.313,25.000,Dog
0,2064,853,833,822,878,935,-0.630,0.289,-0.622,13.916,-5.588,36.977,Dog
0,2068,853,826,816,879,934,-0.641,0.316,-0.647,15.527,3.489,44.718,Dog
0,2072,854,827,826,874,935,-0.651,0.318,-0.677,13.092,14.282,47.122,Dog
0,2076,863,833,826,881,927,-0.668,0.311,-0.691,9.908,25.122,44.260,Dog
0,2080,863,829,829,877,939,-0.689,0.305,-0.687,6.504,33.878,36.962,Dog
0,2084,855,822,828,879,933,-0.716,0.315,-0.682,0.702,39.031,25.366,Dog
0,2088,858,827,823,879,932,-0.750,0.312,-0.675,-7.718,38.992,8.885,Dog
0,2092,863,823,816,875,923,-0.781,0.311,-0.668,-16.046,34.145,-9.931,Dog
0,2096,859,822,827,875,943,-0.794,0.313,-0.652,-22.290,25.580,-25.718,Dog
0,2100,852,821,829,880,938,-0.786,0.314,-0.627,-26.145,14.450,-34.260,Dog
0,2104,858,816,817,876,929,-0.773,0.307,-0.612,-27.725,4.718,-36.634,Dog
0,2108,853,827,825,877,932,-0.757,0.299,-0.594,-25.802,-6.046,-35.855,Dog
0,2112,863,831,828,878,939,-0.739,0.290,-0.584,-23.718,-14.847,-36.550,Dog
0,2116,857,818,822,880,933,-0.714,0.284,-0.578,-20.916,-22.244,-35.931,Dog
0,2120,863,826,819,880,931,-0.698,0.272,-0.582,-13.832,-28.756,-30.229,Dog
0,2124,859,819,825,878,925,-0.661,0.284,-0.590,-6.748,-31.542,-18.489,Dog
0,2128,861,832,822,879,929,-0.645,0.281,-0.604,1.908,-29.740,-2.786,Dog
0,2132,862,821,820,880,927,-0.628,0.286,-0.616,11.725,-23.977,13.893,Dog
0,2136,861,822,826,880,933,-0.618,0.293,-0.650,19.000,-14.397,28.496,Dog
0,2140,854,829,825,877,897,-0.641,0.309,-0.682,22.847,-3.305,39.679,Dog
0,2144,860,827,826,879,943,-0.643,0.319,-0.692,22.298,9.389,44.489,Dog
0,2148,858,819,823,880,931,-0.655,0.312,-0.709,19.389,25.107,41.847,Dog
0,2152,853,822,825,876,932,-0.666,0.310,-0.711,17.702,39.244,34.191,Dog
0,2156,851,825,823,878,932,-0.708,0.305,-0.695,13.466,49.420,22.481,Dog
0,2160,857,819,822,879,929,-0.733,0.303,-0.668,7.824,52.947,7.115,Dog
0,2164,855,821,816,880,930,-0.767,0.307,-0.640,1.412,48.420,-10.244,Dog
0,2168,862,823,819,877,940,-0.801,0.311,-0.615,-2.672,35.763,-23.336,Dog
0,2172,866,823,823,880,932,-0.803,0.315,-0.598,-4.496,18.573,-28.771,Dog
0,2176,853,831,819,880,938,-0.805,0.321,-0.576,-3.611,-1.168,-25.145,Dog
0,2180,835,807,802,874,912,-0.775,0.327,-0.591,-2.176,-14.550,-17.366,Dog
0,2184,862,832,829,877,939,-0.764,0.324,-0.584,-3.420,-26.130,-9.565,Dog
0,2188,859,830,819,879,931,-0.725,0.304,-0.605,0.542,-31.687,-6.947,Dog
0,2192,858,821,819,879,932,-0.709,0.303,-0.623,0.618,-32.183,-8.328,Dog
0,2196,855,828,831,880,930,-0.685,0.306,-0.635,0.977,-29.229,-10.237,Dog
0,2200,862,822,819,880,929,-0.665,0.299,-0.643,1.855,-24.031,-12.069,Dog
0,2204,860,821,825,880,938,-0.648,0.312,-0.642,4.664,-16.718,-9.153,Dog
0,2208,853,817,834,876,930,-0.637,0.299,-0.659,8.687,-6.160,-0.794,Dog
0,2212,863,830,823,880,937,-0.626,0.308,-0.656,16.260,6.977,10.878,Dog
0,2216,859,829,830,877,928,-0.645,0.314,-0.671,21.076,19.145,22.702,Dog
0,2220,860,819,819,879,930,-0.674,0.328,-0.681,21.160,28.832,28.137,Dog
0,2224,860,822,832,880,931,-0.701,0.331,-0.697,18.748,36.206,23.221,Dog
0,2228,863,821,819,870,929,-0.736,0.336,-0.688,14.786,39.031,14.534,Dog
0,2232,855,832,825,878,932,-0.757,0.344,-0.689,9.420,38.519,7.015,Dog
0,2236,864,823,819,880,919,-0.769,0.345,-0.675,3.634,35.634,1.519,Dog
0,2240,851,821,823,875,935,-0.782,0.335,-0.662,-0.092,31.237,-3.115,Dog
0,2244,849,823,825,879,932,-0.783,0.334,-0.645,-2.557,24.389,-7.740,Dog
0,2248,863,816,829,878,931,-0.774,0.319,-0.623,-3.710,16.656,-14.389,Dog
0,2252,855,832,817,880,929,-0.774,0.301,-0.584,-2.191,5.252,-22.931,Dog
0,2256,861,822,817,880,933,-0.766,0.295,-0.552,-0.672,-9.359,-30.443,Dog
0,2260,858,822,831,877,941,-0.741,0.300,-0.531,1.550,-24.466,-33.763,Dog
0,2264,857,822,826,880,937,-0.719,0.299,-0.532,7.206,-38.832,-29.397,Dog
0,2268,857,818,820,880,931,-0.681,0.306,-0.531,14.748,-48.924,-15.786,Dog
0,2272,849,831,818,880,938,-0.643,0.306,-0.533,23.053,-52.107,4.718,Dog
0,2276,864,823,826,875,937,-0.607,0.310,-0.558,29.969,-46.740,24.817,Dog
0,2280,855,823,816,877,931,-0.584,0.312,-0.578,35.061,-36.145,39.153,Dog
0,2284,862,816,822,877,923,-0.595,0.323,-0.620,37.336,-24.328,46.817,Dog
0,2288,855,832,819,880,935,-0.598,0.343,-0.664,32.931,-7.412,48.084,Dog
0,2292,858,821,831,880,926,-0.625,0.361,-0.697,24.695,10.374,48.588,Dog
0,2296,863,821,822,880,931,-0.641,0.362,-0.706,18.695,27.435,47.084,Dog
0,2300,857,832,812,878,938,-0.662,0.364,-0.728,10.298,46.397,40.198,Dog
0,2304,859,819,834,874,929,-0.695,0.356,-0.724,-0.557,61.237,27.427,Dog
0,2308,851,816,821,880,927,-0.740,0.342,-0.707,-11.748,69.664,5.779,Dog
0,2312,854,832,828,877,933,-0.790,0.330,-0.683,-20.527,69.977,-20.908,Dog
0,2316,861,826,820,871,927,-0.835,0.341,-0.662,-29.656,60.275,-44.168,Dog
0,2320,867,819,818,874,930,-0.869,0.355,-0.656,-36.122,43.481,-58.931,Dog
0,2324,858,834,826,877,933,-0.874,0.365,-0.663,-39.214,21.992,-64.336,Dog
0,2328,863,821,823,880,933,-0.859,0.369,-0.664,-39.115,4.099,-58.389,Dog
0,2332,862,818,817,879,938,-0.825,0.377,-0.667,-39.710,-9.893,-44.015,Dog
0,2336,861,826,819,878,932,-0.801,0.345,-0.667,-34.580,-19.847,-32.679,Dog
0,2340,859,821,820,880,931,-0.765,0.323,-0.656,-27.168,-26.588,-28.000,Dog
0,2344,849,826,824,880,942,-0.727,0.303,-0.635,-21.344,-28.969,-27.489,Dog
0,2348,854,819,821,880,934,-0.705,0.277,-0.614,-11.977,-30.237,-24.618,Dog
0,2352,850,832,821,874,927,-0.674,0.274,-0.591,1.580,-33.313,-16.229,Dog
0,2356,848,834,829,880,925,-0.656,0.276,-0.562,16.198,-34.962,0.420,Dog
0,2360,859,833,825,880,934,-0.625,0.279,-0.541,30.458,-37.328,24.359,Dog
0,2364,861,820,817,880,927,-0.614,0.273,-0.524,46.191,-38.275,46.885,Dog
0,2368,861,822,822,880,927,-0.608,0.279,-0.522,58.580,-39.832,63.191,Dog
0,2372,854,818,827,880,932,-0.596,0.294,-0.520,63.214,-37.489,73.038,Dog
0,2376,853,823,823,878,926,-0.594,0.302,-0.531,62.733,-30.672,76.969,Dog
0,2380,863,823,824,879,935,-0.598,0.322,-0.554,61.023,-22.351,78.595,Dog
0,2384,856,825,827,880,928,-0.632,0.363,-0.607,53.924,-12.511,80.802,Dog
0,2388,866,829,816,879,935,-0.668,0.393,-0.661,38.336,-2.702,78.580,Dog
0,2392,848,826,829,878,929,-0.681,0.394,-0.708,18.458,12.611,63.550,Dog
0,2396,851,833,831,879,929,-0.702,0.393,-0.744,-2.679,28.466,42.763,Dog
0,2400,854,827,825,877,932,-0.716,0.386,-0.741,-26.962,44.679,15.084,Dog
0,2404,854,814,819,876,926,-0.743,0.354,-0.738,-47.954,59.115,-20.290,Dog
0,2408,861,833,831,880,931,-0.782,0.342,-0.709,-63.137,62.908,-55.221,Dog
0,2412,849,814,834,878,934,-0.805,0.339,-0.682,-76.992,60.550,-85.092,Dog
0,2416,848,831,819,878,923,-0.832,0.319,-0.644,-81.183,47.191,-103.870,Dog
0,2420,869,831,831,873,932,-0.840,0.326,-0.622,-79.626,28.038,-107.740,Dog
0,2424,855,826,825,878,930,-0.826,0.332,-0.616,-75.031,8.336,-98.405,Dog
0,2428,859,819,827,878,930,-0.798,0.326,-0.604,-65.656,-8.794,-78.931,Dog
0,2432,854,825,818,877,926,-0.764,0.315,-0.612,-50.511,-22.511,-53.573,Dog
0,2436,851,834,816,875,929,-0.726,0.295,-0.612,-33.321,-31.496,-26.954,Dog
0,2440,865,819,825,880,928,-0.700,0.287,-0.619,-17.664,-33.176,-6.168,Dog
0,2444,859,827,821,877,920,-0.670,0.276,-0.617,-3.992,-32.695,8.511,Dog
0,2448,858,818,822,879,929,-0.656,0.250,-0.584,11.137,-32.099,19.832,Dog
0,2452,854,832,820,877,930,-0.640,0.242,-0.551,25.779,-33.015,29.840,Dog
0,2456,859,819,822,880,934,-0.627,0.237,-0.520,40.656,-36.473,41.802,Dog
0,2460,852,830,826,876,933,-0.609,0.231,-0.480,55.527,-40.252,55.924,Dog
0,2464,851,819,817,878,939,-0.600,0.230,-0.454,70.053,-43.481,71.176,Dog
0,2468,854,821,816,879,933,-0.605,0.269,-0.447,77.595,-48.229,85.962,Dog
0,2472,865,818,818,877,932,-0.622,0.279,-0.456,78.641,-53.359,91.802,Dog
0,2476,863,823,821,878,929,-0.643,0.309,-0.500,71.435,-58.122,87.634,Dog
0,2480,861,819,832,879,927,-0.637,0.352,-0.554,55.855,-57.412,79.481,Dog
0,2484,857,822,823,877,929,-0.623,0.365,-0.614,34.443,-45.115,69.198,Dog
0,2488,863,822,830,880,939,-0.616,0.385,-0.683,12.267,-27.145,58.748,Dog
0,2492,861,828,829,875,928,-0.608,0.381,-0.728,-12.015,0.893,38.252,Dog
0,2496,860,827,822,875,939,-0.624,0.353,-0.761,-36.290,31.351,8.000,Dog
0,2500,854,823,825,876,934,-0.641,0.342,-0.780,-56.626,60.466,-24.221,Dog
0,2504,851,816,816,869,934,-0.674,0.325,-0.792,-74.076,84.137,-55.939,Dog
0,2508,857,829,829,871,932,-0.703,0.329,-0.806,-85.450,101.725,-77.626,Dog
0,2512,857,824,819,875,927,-0.730,0.324,-0.801,-88.595,114.031,-84.290,Dog
0,2516,853,823,825,877,929,-0.744,0.320,-0.790,-84.733,122.542,-76.802,Dog
0,2520,855,833,816,867,926,-0.763,0.280,-0.760,-72.534,128.053,-59.809,Dog
0,2524,860,830,819,878,931,-0.797,0.271,-0.716,-54.687,124.992,-42.580,Dog
0,2528,855,819,821,874,932,-0.842,0.259,-0.660,-39.565,112.321,-34.962,Dog
0,2532,851,827,822,877,927,-0.914,0.246,-0.591,-27.229,85.137,-39.130,Dog
0,2536,857,817,826,876,929,-0.963,0.251,-0.538,-14.153,40.634,-46.450,Dog
0,2540,857,827,821,870,929,-0.988,0.280,-0.485,-4.611,-15.969,-40.519,Dog
0,2544,853,830,826,875,932,-0.960,0.302,-0.477,6.473,-71.634,-19.443,Dog
0,2548,851,829,828,873,929,-0.909,0.295,-0.506,22.374,-119.260,10.382,Dog
0,2552,849,818,823,878,932,-0.801,0.286,-0.551,39.351,-149.221,40.115,Dog
0,2556,859,828,822,861,926,-0.697,0.270,-0.602,51.473,-156.939,63.435,Dog
0,2560,863,821,832,879,938,-0.605,0.250,-0.637,60.153,-143.794,72.244,Dog
0,2564,861,827,829,874,937,-0.526,0.237,-0.667,65.153,-115.878,62.954,Dog
0,2568,848,822,826,869,942,-0.485,0.244,-0.686,62.466,-81.336,42.145,Dog
0,2572,855,828,823,871,937,-0.459,0.260,-0.699,55.931,-42.084,18.947,Dog
0,2576,848,823,820,873,925,-0.483,0.276,-0.672,47.290,-10.252,1.595,Dog
0,2580,854,829,818,870,930,-0.491,0.309,-0.634,38.870,17.664,-2.305,Dog
0,2584,852,827,823,874,938,-0.526,0.323,-0.595,29.061,33.718,4.809,Dog
0,2588,849,825,816,871,939,-0.531,0.308,-0.550,24.191,46.115,11.420,Dog
0,2592,861,827,823,875,941,-0.580,0.297,-0.518,23.359,44.580,13.374,Dog
0,2596,850,832,826,871,931,-0.604,0.283,-0.494,19.626,39.802,10.328,Dog
0,2600,851,827,830,874,932,-0.613,0.283,-0.507,14.901,34.672,4.977,Dog
0,2604,851,827,821,877,934,-0.614,0.283,-0.515,11.260,31.916,0.137,Dog
0,2608,849,822,824,877,939,-0.612,0.288,-0.546,10.313,31.534,1.305,Dog
0,2612,853,823,817,879,930,-0.633,0.309,-0.590,10.595,33.557,8.168,Dog
0,2616,847,831,823,876,933,-0.629,0.327,-0.639,3.504,43.229,12.931,Dog
0,2620,851,830,828,877,935,-0.662,0.312,-0.665,2.198,51.656,8.198,Dog
0,2624,852,821,829,873,928,-0.707,0.318,-0.696,-3.328,55.863,-3.534,Dog
0,2628,852,831,819,873,933,-0.741,0.329,-0.701,-10.748,56.840,-18.084,Dog
0,2632,853,828,823,876,937,-0.788,0.334,-0.699,-18.137,51.832,-31.817,Dog
0,2636,854,827,818,875,941,-0.818,0.343,-0.701,-22.366,39.679,-39.389,Dog
0,2640,860,828,821,877,931,-0.844,0.339,-0.699,-24.160,22.366,-41.183,Dog
0,2644,848,831,821,876,933,-0.826,0.326,-0.690,-21.817,4.664,-41.786,Dog
0,2648,857,829,822,876,940,-0.812,0.308,-0.670,-16.298,-11.695,-41.771,Dog
0,2652,857,831,821,874,935,-0.776,0.290,-0.671,-7.267,-23.809,-39.160,Dog
0,2656,859,827,826,873,933,-0.734,0.280,-0.674,3.641,-28.015,-33.321,Dog
0,2660,852,832,821,872,934,-0.698,0.278,-0.684,16.908,-27.733,-23.435,Dog
0,2664,850,837,827,871,933,-0.671,0.300,-0.709,29.252,-23.511,-8.664,Dog
0,2668,853,832,822,877,937,-0.663,0.319,-0.723,37.427,-15.420,8.359,Dog
0,2672,855,837,832,877,929,-0.662,0.331,-0.710,43.748,-7.649,25.282,Dog
0,2676,856,830,830,871,935,-0.670,0.337,-0.724,48.420,-2.214,39.489,Dog
0,2680,854,832,820,873,931,-0.668,0.343,-0.716,49.443,2.725,48.855,Dog
0,2684,855,831,832,878,933,-0.669,0.333,-0.697,49.344,8.069,53.015,Dog
0,2688,849,834,819,873,938,-0.667,0.310,-0.684,50.053,11.389,52.511,Dog
0,2692,837,819,803,866,913,-0.665,0.313,-0.662,50.168,14.122,49.076,Dog
0,2696,862,839,830,878,938,-0.671,0.305,-0.655,49.076,15.832,43.290,Dog
0,2700,862,832,827,877,933,-0.676,0.312,-0.649,47.069,16.679,36.122,Dog
0,2704,852,829,817,875,934,-0.689,0.314,-0.649,44.504,16.053,30.527,Dog
0,2708,862,839,816,874,934,-0.682,0.328,-0.660,39.023,17.519,24.412,Dog
0,2712,861,835,821,873,933,-0.692,0.335,-0.667,32.534,18.389,18.389,Dog
0,2716,861,832,825,876,938,-0.703,0.347,-0.670,24.748,17.115,13.710,Dog
0,2720,860,838,827,880,943,-0.709,0.360,-0.679,15.847,16.366,8.550,Dog
0,2724,854,830,823,872,933,-0.712,0.348,-0.681,7.244,14.893,3.351,Dog
0,2728,859,841,823,870,928,-0.715,0.353,-0.673,0.366,12.382,-0.115,Dog
0,2732,857,838,820,877,935,-0.710,0.342,-0.681,-4.237,11.420,-3.366,Dog
0,2736,858,835,819,875,939,-0.713,0.334,-0.682,-7.519,9.901,-6.901,Dog
0,2740,857,839,819,874,939,-0.710,0.324,-0.678,-9.748,8.435,-10.588,Dog
0,2744,861,837,820,868,943,-0.711,0.316,-0.684,-9.855,7.176,-14.924,Dog
0,2748,854,832,819,873,933,-0.708,0.320,-0.694,-9.420,6.550,-17.893,Dog
0,2752,848,835,818,872,927,-0.714,0.326,-0.707,-8.786,6.130,-18.511,Dog
0,2756,855,835,823,877,934,-0.713,0.330,-0.708,-7.771,6.771,-17.611,Dog
0,2760,852,832,819,863,941,-0.716,0.342,-0.723,-7.183,7.443,-15.061,Dog
0,2764,857,832,831,875,929,-0.722,0.343,-0.729,-6.786,7.603,-12.000,Dog
0,2768,859,839,822,874,931,-0.726,0.340,-0.728,-5.863,7.443,-9.130,Dog
0,2772,862,832,823,875,935,-0.729,0.333,-0.723,-4.023,5.679,-5.916,Dog
0,2776,858,833,819,875,931,-0.728,0.331,-0.714,-2.176,3.702,-3.000,Dog
0,2780,870,841,820,871,929,-0.720,0.325,-0.703,0.519,0.473,0.481,Dog
0,2784,866,842,819,870,931,-0.707,0.315,-0.696,5.099,-3.229,5.069,Dog
0,2788,859,839,822,874,933,-0.705,0.314,-0.682,10.405,-6.901,10.725,Dog
0,2792,857,835,827,877,929,-0.692,0.311,-0.675,15.389,-9.656,16.328,Dog
0,2796,864,844,825,874,931,-0.685,0.309,-0.666,19.573,-11.695,21.053,Dog
0,2800,863,839,826,879,938,-0.667,0.313,-0.667,23.298,-12.389,24.176,Dog
0,2804,857,837,822,878,932,-0.669,0.306,-0.665,25.496,-12.397,27.542,Dog
0,2808,851,841,832,880,932,-0.654,0.317,-0.670,25.267,-10.534,30.298,Dog
0,2812,862,838,827,873,933,-0.650,0.321,-0.667,25.008,-9.099,31.221,Dog
0,2816,864,848,816,874,935,-0.646,0.323,-0.661,24.053,-6.756,30.473,Dog
0,2820,855,846,826,871,940,-0.638,0.317,-0.646,23.115,-5.740,30.573,Dog
0,2824,857,833,822,875,933,-0.640,0.321,-0.646,19.779,-3.046,28.489,Dog
0,2828,864,837,822,871,934,-0.632,0.314,-0.653,15.962,-0.603,25.214,Dog
0,2832,857,845,822,875,933,-0.646,0.307,-0.643,14.443,-1.267,22.168,Dog
0,2836,872,835,821,878,938,-0.639,0.314,-0.632,10.511,0.122,17.794,Dog
0,2840,864,829,821,875,939,-0.649,0.317,-0.636,6.084,-0.023,12.702,Dog
0,2844,864,827,821,873,928,-0.654,0.316,-0.636,3.565,-1.008,9.710,Dog
0,2848,852,841,817,874,930,-0.648,0.315,-0.637,0.053,-0.817,7.328,Dog
0,2852,855,847,821,874,934,-0.648,0.319,-0.654,-4.336,0.870,4.725,Dog
0,2856,869,832,816,873,935,-0.654,0.328,-0.675,-7.985,3.496,3.160,Dog
0,2860,860,837,823,877,927,-0.665,0.336,-0.693,-13.290,7.588,1.229,Dog
0,2864,871,835,829,875,933,-0.664,0.345,-0.706,-19.336,12.374,-1.557,Dog
0,2868,869,841,821,877,936,-0.683,0.328,-0.726,-23.053,16.382,-6.351,Dog
0,2872,852,845,830,878,940,-0.694,0.325,-0.739,-25.809,20.466,-14.305,Dog
0,2876,857,835,816,878,942,-0.698,0.329,-0.735,-30.107,23.229,-18.122,Dog
0,2880,867,835,820,874,929,-0.695,0.324,-0.731,-31.023,25.031,-19.824,Dog
0,2884,865,835,829,870,930,-0.715,0.321,-0.745,-29.504,24.710,-20.282,Dog
0,2888,854,848,829,867,923,-0.730,0.320,-0.747,-27.389,21.718,-18.756,Dog
0,2892,855,832,821,878,927,-0.731,0.320,-0.740,-24.282,17.748,-16.221,Dog
0,2896,862,833,828,863,930,-0.737,0.315,-0.723,-20.046,12.588,-13.183,Dog
0,2900,873,845,819,874,935,-0.742,0.314,-0.727,-15.496,6.198,-8.000,Dog
0,2904,863,841,826,879,931,-0.733,0.316,-0.727,-11.023,-0.008,-2.115,Dog
0,2908,861,846,822,870,937,-0.716,0.310,-0.721,-5.588,-4.779,2.832,Dog
0,2912,858,837,817,875,928,-0.712,0.299,-0.688,1.954,-11.252,9.237,Dog
0,2916,858,838,829,871,931,-0.692,0.294,-0.694,10.267,-13.954,18.389,Dog
0,2920,863,850,827,869,926,-0.663,0.299,-0.698,16.290,-12.557,28.573,Dog
0,2924,865,843,816,879,940,-0.665,0.296,-0.685,22.855,-12.672,37.023,Dog
0,2928,863,846,818,871,927,-0.645,0.298,-0.681,28.206,-11.748,41.489,Dog
0,2932,864,848,823,871,928,-0.646,0.294,-0.679,31.557,-10.519,44.305,Dog
0,2936,854,842,817,874,933,-0.655,0.311,-0.677,32.206,-9.870,47.595,Dog
0,2940,861,841,816,874,939,-0.658,0.320,-0.684,31.588,-8.656,49.855,Dog
0,2944,861,842,825,875,940,-0.651,0.337,-0.705,26.038,-4.504,49.458,Dog
0,2948,863,842,816,870,935,-0.658,0.336,-0.693,19.122,-1.313,43.817,Dog
0,2952,858,842,817,874,931,-0.658,0.321,-0.697,12.282,2.397,32.313,Dog
0,2956,863,841,818,878,933,-0.668,0.323,-0.693,3.504,3.275,19.084,Dog
0,2960,863,834,826,871,934,-0.681,0.326,-0.690,-4.374,3.557,6.817,Dog
0,2964,875,845,813,867,937,-0.681,0.327,-0.692,-11.053,3.435,-3.282,Dog
0,2968,865,841,817,874,934,-0.677,0.331,-0.696,-17.466,3.397,-7.748,Dog
0,2972,853,847,818,874,944,-0.684,0.341,-0.705,-21.420,3.847,-8.672,Dog
0,2976,855,841,817,875,930,-0.672,0.341,-0.722,-24.687,5.336,-8.366,Dog
0,2980,870,848,811,868,939,-0.676,0.343,-0.727,-27.260,7.649,-6.802,Dog
0,2984,869,838,821,875,943,-0.667,0.343,-0.755,-31.168,13.435,-7.527,Dog
0,2988,870,842,822,873,943,-0.685,0.335,-0.761,-32.145,16.763,-9.229,Dog
0,2992,855,841,817,879,932,-0.690,0.336,-0.771,-34.176,20.405,-11.634,Dog
0,2996,863,841,817,876,928,-0.699,0.334,-0.768,-32.893,23.191,-12.489,Dog
